Job ID,Job URL,Job Title,Company Name,Status,Timestamp,WP ID
670dc48e736ad748,https://gn.linkedin.com/jobs/view/directeur-administratif-et-financier-groupe-at-groupe-ibs-4436320073,Directeur Administratif et Financier Groupe,,scraped,2026-07-07T00:23:47.109766,
82be576a4d1d73a1,https://gn.linkedin.com/jobs/view/young-graduate-ing%C3%A9nieur-lubrifiants-h-f-at-totalenergies-4436433371,Young Graduate Ingénieur Lubrifiants (H/F),,scraped,2026-07-07T00:23:53.651979,
2375fbd71341887d,https://gn.linkedin.com/jobs/view/chef-comptable-at-groupe-ibs-4435836139,Chef Comptable,,scraped,2026-07-07T00:25:04.325394,
67d234d5f5738ea3,https://gn.linkedin.com/jobs/view/stock-accountant-assistant-at-vivo-energy-4412255562,Stock Accountant Assistant,,scraped,2026-07-07T00:25:10.951159,
af5b13e2aef58fe8,https://gn.linkedin.com/jobs/view/quatre-4-sp%C3%A9cialistes-conformit%C3%A9-forage-dynamitage-at-rio-tinto-4434982203,Quatre (4) Spécialistes conformité forage & dynamitage,,scraped,2026-07-07T00:25:17.367701,
78b4291f976cd9e5,https://gn.linkedin.com/jobs/view/cashier-at-vivo-energy-4412258477,Cashier,,scraped,2026-07-07T00:25:24.711087,
df66bb2bedfa3510,https://gn.linkedin.com/jobs/view/quatre-4-superviseurs-de-dynamitage-at-rio-tinto-4434321779,Quatre (4) Superviseurs de dynamitage,Rio Tinto,posted,2026-07-07T00:28:27.192250,18
d2edb04b78892e00,https://gn.linkedin.com/jobs/view/finance-specialist-at-capital-talent-consulting-4431574713,Finance Specialist,Capital Talent Consulting,posted,2026-07-07T00:28:38.565838,20
a1fa41da2a72f1fb,https://gn.linkedin.com/jobs/view/un-conseiller-hr-at-rio-tinto-4435421957,Un Conseiller HR,Rio Tinto,posted,2026-07-07T00:29:21.155914,22
1ed8ea4641236d90,https://gn.linkedin.com/jobs/view/un-superviseur-de-convoyeur-at-rio-tinto-4436206915,Un Superviseur de Convoyeur,,scraped,2026-07-07T00:29:23.559794,
e7eafe21f8c1e0b4,https://gn.linkedin.com/jobs/view/un-superviseur-de-lubrification-hydraulique-at-rio-tinto-4436205950,Un Superviseur de Lubrification & Hydraulique,,scraped,2026-07-07T00:30:34.281703,
95d66bd1065c17d2,https://gn.linkedin.com/jobs/view/superintendent-drill-blast-at-rio-tinto-4435532697,Superintendent Drill & Blast,,scraped,2026-07-07T00:30:41.244888,
336b5bbae16909bd,https://gn.linkedin.com/jobs/view/six-6-mecaniciens-monteurs-at-rio-tinto-4436079750,Six ( 6) Mecaniciens Monteurs,,scraped,2026-07-07T00:30:49.330030,
e7605b69e1bec62c,https://gn.linkedin.com/jobs/view/sp%C3%A9cialiste-projets-is-t-at-rio-tinto-4436223317,Spécialiste Projets IS&T,,scraped,2026-07-07T00:30:56.192427,
72d44ea29a7e8a9d,https://gn.linkedin.com/jobs/view/un-dessinateur-cao-at-rio-tinto-4435428619,Un Dessinateur CAO,,scraped,2026-07-07T00:31:03.126626,
04a1ba1181d91a68,https://gn.linkedin.com/jobs/view/sp%C3%A9cialiste-en-comptabilit%C3%A9-mj002006-at-sunda-international-4436716260,Spécialiste en comptabilité (MJ002006),,scraped,2026-07-07T00:31:10.049281,
b9fb557f533611f9,https://gn.linkedin.com/jobs/view/un-e-assistant-e-e-i-electricien-instrumentation-at-rio-tinto-4436221451,Un (e) Assistant (e) E&I ( Electricien & Instrumentation),,scraped,2026-07-07T00:31:17.815971,
89e9f9452946150d,https://gn.linkedin.com/jobs/view/assistant-gestionnaire-entrep%C3%B4ts-sp%C3%A9cialiste-en-exp%C3%A9dition-et-r%C3%A9ception-mj002002-at-sunda-international-4436713192,Assistant Gestionnaire Entrepôts (Spécialiste en expédition et réception) (MJ002002),森大国际,posted,2026-07-07T00:32:43.299906,24
e8d560c06aaec282,https://gn.linkedin.com/jobs/view/deux-surintendants-de-la-production-miniere-at-rio-tinto-4434694187,Deux Surintendants de la Production Miniere,,scraped,2026-07-07T00:32:45.746117,
164b6ed8ac0013b1,https://gn.linkedin.com/jobs/view/un-ingenieur-mecanicien-at-rio-tinto-4436261369,Un Ingenieur Mecanicien,,scraped,2026-07-07T00:33:56.559524,
d5ddaff93ca03884,https://gn.linkedin.com/jobs/view/health-safety-environment-officer-at-capital-limited-4436505552,Health Safety Environment Officer,Capital Limited,posted,2026-07-07T12:18:02.556607,26
1e8d26260c2097d1,https://gn.linkedin.com/jobs/view/production-specialist-at-rio-tinto-4427475916,Production Specialist,,scraped,2026-07-07T12:18:13.040198,
9f429e14fca87c45,https://gn.linkedin.com/jobs/view/designer-graphique-multim%C3%A9dia-4435553420,Designer graphique multimédia,Group-Planet-Durable,posted,2026-07-07T12:18:33.227297,28
f0bc638f2cc678f0,https://gn.linkedin.com/jobs/view/un-e-stagiaire-en-ethique-conformite-at-rio-tinto-4434692193,Un (e) Stagiaire en Ethique & Conformite,,scraped,2026-07-07T12:18:35.804489,
05855cbc69e1c017,https://gn.linkedin.com/jobs/view/emballeuse-de-couche-b%C3%A9b%C3%A9-sgc-mj002004-at-sunda-international-4436701679,Emballeuse de Couche Bébé (SGC) (MJ002004),森大国际,posted,2026-07-07T12:18:56.991099,30
65c362378a6eed18,https://gn.linkedin.com/jobs/view/agent-de-nettoyage-sgc-mj002005-at-sunda-international-4436714219,Agent de nettoyage (SGC) (MJ002005),,scraped,2026-07-07T12:19:01.623522,
4774d6650480017a,https://gn.linkedin.com/jobs/view/electricien-sp%C3%A9cialite-mj002001-at-sunda-international-4436494944,Electricien Spécialite (MJ002001),,scraped,2026-07-07T12:19:08.641124,
9e24acc6893b7f5f,https://gn.linkedin.com/jobs/view/coursier-chauffeur-at-mansa-resources-4437184529,Coursier - Chauffeur,,scraped,2026-07-07T12:19:15.767087,
a414b75dd1f97b04,https://gn.linkedin.com/jobs/view/community-manager-at-talio-talent-4437844069,COMMUNITY MANAGER,,scraped,2026-07-07T20:39:38.379216,
4eaf6c00287e4988,https://gn.linkedin.com/jobs/view/chauffeur-at-itm-tanzania-limited-4436861158,Chauffeur,,scraped,2026-07-07T20:39:47.852392,
3b7bdc251898c648,https://gn.linkedin.com/jobs/view/get-and-undercarriage-specialist-at-bia-group-4427801108,GET and Undercarriage Specialist,,scraped,2026-07-07T20:39:54.730091,
51b7cbbba88d4376,https://gn.linkedin.com/jobs/view/warehouse-specialist-mj002007-at-sunda-international-4436700856,Warehouse Specialist (MJ002007),,scraped,2026-07-07T20:40:03.559682,
17ae4c46ad4b03f9,https://gn.linkedin.com/jobs/view/%E8%A1%8C%E6%94%BF%E4%B8%93%E5%91%98-4435073013,行政专员,XCMG SIMANDOU-SA,failed|wp_post_failed,2026-07-07T20:40:14.399505,
ada0464756cd783d,https://gn.linkedin.com/jobs/view/hr-labour-law-and-compliance-africa-at-achyutam-international-consulting-in-hr-finance-4436711337,HR - Labour Law and Compliance - Africa,,scraped,2026-07-07T20:40:16.978177,
71ec1d2e67168d82,https://gn.linkedin.com/jobs/view/lead-technicien-engins-lourds-cat-tombereaux-pelles-hydrauliques-h-f-at-parlym-4434553813,Lead Technicien - Engins Lourds (CAT Tombereaux & Pelles Hydrauliques) H/F,,scraped,2026-07-07T20:40:27.452898,
1226658b6f7247c8,https://gn.linkedin.com/jobs/view/sp%C3%A9cialiste-d-entrep%C3%B4t-mj002003-at-sunda-international-4436711331,Spécialiste d'Entrepôt (MJ002003),,scraped,2026-07-07T20:40:34.160541,
65edbd6a136e0f6c,https://gn.linkedin.com/jobs/view/responsable-logistique-et-transport-mj001988-at-sunda-international-4436307504,Responsable Logistique et Transport (MJ001988),森大国际,posted,2026-07-07T20:41:04.561617,32
a36c4eeaf3def25b,https://gn.linkedin.com/jobs/view/senior-hydrogeologist-at-rio-tinto-4436813497,Senior Hydrogeologist,,scraped,2026-07-07T20:41:11.019841,
c913c2350034e614,https://gn.linkedin.com/jobs/view/steel-traders-guinea-at-c-d-steel-international-trading-co-limited-4438142192,Steel Traders - Guinea,"C&D Steel International Trading Co., Limited",posted,2026-07-08T07:19:57.388151,44
32dd9dfb7f53161e,https://gn.linkedin.com/jobs/view/anwendungstechniker-m-w-d-at-interface-4436379263,Anwendungstechniker (m/w/d),Interface,posted,2026-07-08T07:20:14.860166,46
1394f7b8ff49043d,https://gn.linkedin.com/jobs/view/un-e-operateur-trice-de-concasseur-at-rio-tinto-4436884773,Un (e) Operateur (trice) de Concasseur,,scraped,2026-07-08T07:20:27.334114,
e6610e80b8deae02,https://gn.linkedin.com/jobs/view/quatre-04-op%C3%A9rateurs-trices-de-brise-roche-en-mine-at-rio-tinto-4436883842,Quatre (04) Opérateurs (trices) de Brise Roche en Mine,,scraped,2026-07-08T07:20:37.112968,
6a604c9fb0920d96,https://gn.linkedin.com/jobs/view/un-e-superintendant-e-%E2%80%93-services-de-camp-et-installations-at-rio-tinto-4437071391,Un (e) Superintendant(e) – Services de Camp et Installations,,scraped,2026-07-08T15:55:59.904625,
52db8837b183f478,https://gn.linkedin.com/jobs/view/un-1-stagiaire-en-gestion-des-risques-critique-sant%C3%A9-s%C3%A9curit%C3%A9-at-rio-tinto-4434690216,Un (1) Stagiaire en Gestion des Risques Critique ( Santé & Sécurité),,scraped,2026-07-08T15:56:15.283711,
41dcd7c7ead73a92,https://gn.linkedin.com/jobs/view/superviseur-komatsu-at-bia-group-4434557372,Superviseur Komatsu,,scraped,2026-07-08T20:41:45.262799,
e2e930fcf0131c0d,https://gn.linkedin.com/jobs/view/responsable-commercial-at-talio-talent-4437839108,RESPONSABLE COMMERCIAL,,scraped,2026-07-08T20:41:58.078313,
83a8f786d4404ca2,https://gn.linkedin.com/jobs/view/deux-02-op%C3%A9rateur-trice-s-de-machine-d%E2%80%99equilibrage-at-rio-tinto-4437028154,Deux (02) Opérateur (trice)s de Machine d’Equilibrage,,scraped,2026-07-08T20:42:13.208285,
7dd79a5ff6607b46,https://gn.linkedin.com/jobs/view/sp%C3%A9cialiste-transport-embarqu%C3%A9-convoyeur-mj002022-at-sunda-international-4438195512,Spécialiste Transport embarqué (Convoyeur) (MJ002022),,scraped,2026-07-08T20:42:24.231731,
6ce98dddecae3e77,https://gn.linkedin.com/jobs/view/superintendent-mining-engineer-at-rio-tinto-4437068565,Superintendent Mining Engineer,,scraped,2026-07-08T20:42:32.189541,
2812c3cd9dddb068,https://gn.linkedin.com/jobs/view/e-t-consultant-operations-officer-req37437-at-ifc-international-finance-corporation-4437836855,E T Consultant - Operations Officer - req37437,IFC - International Finance Corporation,posted,2026-07-09T10:34:31.978138,48
6747f06bbfecc0e9,https://gn.linkedin.com/jobs/view/technicien-senior-at-smt-africa-4422711822,Technicien Senior,,scraped,2026-07-09T10:34:34.576467,
9571d09a2691d5ca,https://gn.linkedin.com/jobs/view/comptable-senior-at-bia-group-4434849835,Comptable Senior,,scraped,2026-07-09T10:34:41.540166,
c34b037a5d7b5bb0,https://gn.linkedin.com/jobs/view/asset-management-manager-at-rio-tinto-4437554828,Asset Management Manager,,scraped,2026-07-09T18:34:51.134557,
02ab847a3d0cc8dc,https://gn.linkedin.com/jobs/view/leader-cellule-at-danone-4438625641,Leader Cellule,,scraped,2026-07-09T18:35:04.793693,
202868ad285f6cb4,https://gn.linkedin.com/jobs/view/expert-e-secteur-de-l%E2%80%99%C3%A9nergie-au-b%C3%A9nin-at-ntu-international-a-s-4438640763,Expert(e) Secteur de l’Énergie au Bénin,,scraped,2026-07-09T18:35:11.389843,
8fb3dd7e172f7657,https://gn.linkedin.com/jobs/view/magasinier-pi%C3%A8ces-de-rechange-at-danone-4438628561,Magasinier Pièces de Rechange,,scraped,2026-07-09T23:55:17.164593,
50597dcebc4302e4,https://gn.linkedin.com/jobs/view/technicien-itinerant-at-bia-group-4434565110,Technicien Itinerant,,scraped,2026-07-10T11:28:53.860763,
81f9da767af78694,https://gn.linkedin.com/jobs/view/specialist-project-engineer-at-rio-tinto-4437384468,Specialist Project Engineer,,scraped,2026-07-10T11:29:00.706147,
458f37638235216d,https://gn.linkedin.com/jobs/view/logistics-project-coordinator-at-obt-group-4435996230,Logistics Project Coordinator,,scraped,2026-07-10T18:10:07.817660,
7d968dca7ce451b5,https://gn.linkedin.com/jobs/view/core-network-engineer-ps-cs-ims-at-huawei-4439306573,Core Network Engineer (PS/CS/IMS),,scraped,2026-07-10T18:10:27.099372,
27fe76d06fcbcce3,https://gn.linkedin.com/jobs/view/chef-cheffe-d-%C3%A9quipe-expert-e-en-%C3%A9nergie-at-ntu-international-a-s-4438613554,Chef / Cheffe d'Équipe - Expert(e) en Énergie,,scraped,2026-07-10T18:10:37.626274,
21a91335203beea2,https://gn.linkedin.com/jobs/view/human-resources-business-partner-hrbp-%E2%80%93-mine-at-rio-tinto-4438310976,Human Resources Business Partner (HRBP) – Mine,,scraped,2026-07-10T18:10:47.963367,
5383849f745e3000,https://gn.linkedin.com/jobs/view/principal-advisor-mpp-at-rio-tinto-4438367426,Principal Advisor MPP,,scraped,2026-07-10T23:36:55.958385,
028520a2024748e4,https://gn.linkedin.com/jobs/view/charg%C3%A9-e-des-contrats-h-f-at-africa-global-logistics-4435986407,Chargé (e) des Contrats H/F,,scraped,2026-07-10T23:37:05.066293,
342ed549cac7c7da,https://gn.linkedin.com/jobs/view/un-e-contr%C3%B4leur-se-de-mine-at-rio-tinto-4438370386,Un(e) Contrôleur(se) de Mine,,scraped,2026-07-10T23:37:24.243458,
e8e391d9ce2a388c,https://gn.linkedin.com/jobs/view/logistics-operations-manager-at-obt-group-4436600096,Logistics Operations Manager,OBT Group,posted,2026-07-11T07:28:03.208730,50
08295d4eac8014ad,https://gn.linkedin.com/jobs/view/stagiaire-admin-finance-at-bia-group-4434547910,Stagiaire Admin & Finance,,scraped,2026-07-11T07:28:09.768787,
2f8f99ae87186cd0,https://gn.linkedin.com/jobs/view/%EF%BC%88%E9%A9%BB%E9%9D%9E%EF%BC%89%E6%80%BB%E7%BB%8F%E7%90%86%E5%8A%A9%E7%90%86-at-winning-international-group-pte-ltd-4435978030,（驻非）总经理助理,,scraped,2026-07-11T07:28:24.226166,
4a2087adf609095f,https://gn.linkedin.com/jobs/view/coordinateur-excellence-op%C3%A9rationnelle-h-f-at-africa-global-logistics-4435972961,COORDINATEUR EXCELLENCE OPÉRATIONNELLE H/F,,scraped,2026-07-11T07:28:33.990648,
8a75d47b9f979844,https://gn.linkedin.com/jobs/view/senior-associate-west-africa-advisory-at-allied-talent-partners-4435904636,Senior Associate - West Africa Advisory,,scraped,2026-07-11T07:28:44.608278,
c353e4c3ad4b6307,https://gn.linkedin.com/jobs/view/associate-operations-officer-sustainable-infrastructure-advisory-req37501-at-ifc-international-finance-corporation-4439059256,Associate Operations Officer - Sustainable Infrastructure Advisory - req37501,IFC - International Finance Corporation,posted,2026-07-11T07:29:10.562180,52
c0103abeaacdab57,https://gn.linkedin.com/jobs/view/juriste-sp%C3%A9cialis%C3%A9-en-cadre-l%C3%A9gal-et-r%C3%A9glementaire-du-secteur-de-l%E2%80%99%C3%A9nergie-et-des-ppp-at-ntu-international-a-s-4439076581,Juriste spécialisé en cadre légal et réglementaire du secteur de l’énergie et des PPP,,scraped,2026-07-11T07:29:13.126928,
e24384e53b4996d3,https://gn.linkedin.com/jobs/view/leader-cellule-at-danone-4429213651,Leader Cellule,,scraped,2026-07-11T07:29:20.142443,
ea4a39e68b27390e,https://gn.linkedin.com/jobs/view/chef-d%E2%80%99antenne-at-agence-guin%C3%A9enne-de-la-s%C3%A9curit%C3%A9-routi%C3%A8re-4429554112,Chef d’antenne,Agence Guinéenne de la Sécurité Routière,posted,2026-07-13T18:56:51.318492,54
0e55f8db4a848524,https://gn.linkedin.com/jobs/view/financial-industry-account-manager-at-huawei-4439304983,Financial industry account manager,,scraped,2026-07-13T18:56:58.289414,
d544f0b418339230,https://gn.linkedin.com/jobs/view/assistant-responsable-community-management-at-about-management-in-africa-4440049081,Assistant responsable community management,,scraped,2026-07-13T18:57:07.135569,
1f0d1334241bd773,https://gn.linkedin.com/jobs/view/un-e-ingenieur-en-grue-levage-at-rio-tinto-4437979397,Un (e) Ingenieur en Grue & Levage,,scraped,2026-07-13T18:57:20.498892,
e6bc686b6eb4781a,https://gn.linkedin.com/jobs/view/expert-senior-en-politique-%C3%A9nerg%C3%A9tique-at-ntu-international-a-s-4440065077,Expert Senior en Politique Énergétique,,scraped,2026-07-13T18:57:34.586261,
6783b1e3b53f3346,https://gn.linkedin.com/jobs/view/expert-r%C3%A9seaux-%C3%A9lectriques-at-ntu-international-a-s-4439777878,Expert Réseaux Électriques,,scraped,2026-07-13T18:57:41.900868,
c5a60e20cba40dc4,https://gn.linkedin.com/jobs/view/lola-alfa-romeo-t90-indycar-at-boutsen-classic-cars-4442533684,Lola - Alfa-Romeo T90 IndyCar,,scraped,2026-07-20T19:17:54.066162,
291d3d8652a90930,https://gn.linkedin.com/jobs/view/people-operations-associate-at-wave-gambia-4439862671,People Operations Associate,Wave Gambia,posted,2026-07-20T19:18:10.407616,56
242f5187305c2a2f,https://gn.linkedin.com/jobs/view/dewatering-specialist-at-rio-tinto-4439835515,Dewatering Specialist,,scraped,2026-07-20T19:18:12.837234,
1a6bbfaaa5f063e3,https://gn.linkedin.com/jobs/view/people-operations-associate-at-wave-mobile-money-4440523516,People Operations Associate,,scraped,2026-07-20T19:18:19.736895,
e4adf51aca4ec462,https://gn.linkedin.com/jobs/view/administrator-at-liugong-machinery-4437691703,Administrator,LiuGong Machinery,posted,2026-07-20T19:18:39.735579,58
03b7d9586881d11d,https://gn.linkedin.com/jobs/view/un-e-op%C3%A9rateur-trice-compacteur-at-rio-tinto-4441185123,Un (e) Opérateur (trice) Compacteur,,scraped,2026-07-20T19:18:42.181685,
d27ee77617234191,https://gn.linkedin.com/jobs/view/sp%C3%A9cialiste-en-documentation-at-twyford-international-4441982224,Spécialiste en Documentation,TWYFORD INTERNATIONAL,posted,2026-07-20T19:18:56.995450,60
5de840d867e07958,https://gn.linkedin.com/jobs/view/ga-ap-data-controller-at-vivo-energy-4442178151,GA & AP Data Controller,,scraped,2026-07-20T19:18:59.843778,
7094c524f5d121bc,https://gn.linkedin.com/jobs/view/human-resources-coordinator-at-liugong-machinery-4437684983,Human Resources Coordinator,LiuGong Machinery,posted,2026-07-20T19:19:17.164717,62
00ea74df6ae69110,https://gn.linkedin.com/jobs/view/planificateur-de-maintenance-maintenance-planner-at-groupe-ibs-4441618061,PLANIFICATEUR DE MAINTENANCE/MAINTENANCE PLANNER,,scraped,2026-07-20T19:19:19.876957,
68fa564f424e4575,https://gn.linkedin.com/jobs/view/industrial-relations-and-hr-manager-at-wabtec-corporation-4442582043,Industrial Relations and HR Manager,Wabtec Corporation,posted,2026-07-20T19:19:32.608496,64
efe4fd319452ab78,https://gn.linkedin.com/jobs/view/stage-stagiaire-commercial-terrain-f-h-x-16-at-canal%2B-group-4441990678,STAGE - STAGIAIRE COMMERCIAL TERRAIN - F/H/X 16,,scraped,2026-07-20T19:19:37.168704,
900e1ac08706ba1a,https://gn.linkedin.com/jobs/view/agent-service-client-service-d-assistance-%C3%A0-la-client%C3%A8le-at-sany-heavy-industry-c%C3%B4te-d-ivoire-4439839451,Agent Service Client / Service d'Assistance à la Clientèle,SANY Heavy Industry Côte d'Ivoire,posted,2026-07-20T19:19:51.220616,66
c6bece40c1874a0c,https://gn.linkedin.com/jobs/view/medidor-or%C3%A7amentista-m-f-pt-at-mota-engil-4437619584,Medidor Orçamentista (m/f) (PT),,scraped,2026-07-20T19:19:53.639946,
6671c353cabf8b90,https://gn.linkedin.com/jobs/view/un-e-superviseur-de-la-zone-de-stockage-et-des-operations-de-chargement-tlo-at-rio-tinto-4440769250,Un (e) Superviseur de la zone de Stockage et des Operations de Chargement (TLO),,scraped,2026-07-20T19:20:00.030914,
e98c00928247fcf7,https://gn.linkedin.com/jobs/view/t%C3%A9cnico-a-de-produ%C3%A7%C3%A3o-terraplanagem-pt-at-mota-engil-4437616728,Técnico/a de Produção - Terraplanagem (PT),,scraped,2026-07-20T19:20:07.515059,
036f3ad1e2c65540,https://gn.linkedin.com/jobs/view/mission-head-at-plan-international-4442168774,Mission Head,,scraped,2026-07-20T19:20:13.993820,
ad5ce4fe262516ab,https://gn.linkedin.com/jobs/view/un-e-superviseur-de-la-salle-de-contr%C3%B4le-centrale-at-rio-tinto-4439875515,Un(e) Superviseur de la salle de contrôle centrale,,scraped,2026-07-20T19:20:22.182826,
3840792dad63b065,https://gn.linkedin.com/jobs/view/senior-site-head-%E2%80%93-hydropower-project-guinea-west-africa-at-wowjobs-4439612063,"Senior Site Head – Hydropower project (Guinea, West Africa)",,scraped,2026-07-20T19:20:29.189234,
3b2157dff06138cb,https://gn.linkedin.com/jobs/view/expert-senior-ppp-participation-du-secteur-priv%C3%A9-at-ntu-international-a-s-4438466697,Expert Senior PPP / Participation du Secteur Privé,,scraped,2026-07-20T19:20:39.277330,
fce5e4c5fccb33ef,https://gn.linkedin.com/jobs/view/retail-maintenance-engineer-at-vivo-energy-4429525983,Retail Maintenance Engineer,,scraped,2026-07-20T19:20:46.698989,
97052f0232c06abb,https://gn.linkedin.com/jobs/view/deux-2-contr%C3%B4leur-se-s-des-%C3%A9quipements-fixes-at-rio-tinto-4440230682,Deux (2) Contrôleur(se)s des équipements fixes,,scraped,2026-07-20T19:20:53.552595,
0df4b8ae2cdae812,https://gn.linkedin.com/jobs/view/compteur-de-budget-m-f-fr-at-mota-engil-4437618653,Compteur de Budget (m/f) FR,,scraped,2026-07-20T19:21:00.850846,
8a7679c0d65f8c51,https://gn.linkedin.com/jobs/view/expert-senior-juridique-et-r%C3%A9glementaire-du-secteur-de-l%E2%80%99%C3%A9nergie-at-ntu-international-a-s-4440961144,Expert Senior Juridique et Réglementaire du Secteur de l’Énergie,,scraped,2026-07-20T19:21:07.230597,
a0112abaccb7e8df,https://gn.linkedin.com/jobs/view/senior-non-key-experts-in-the-digital-connectivity-study-for-agriculture-prida-ii-at-ntu-international-a-s-4442715802,Senior Non Key Experts in the Digital Connectivity Study for Agriculture (PRIDA II),,scraped,2026-07-20T19:21:14.579867,
536d82ecd988489c,https://gn.linkedin.com/jobs/view/expert-senior-%C3%A9lectrification-hors-r%C3%A9seau-at-ntu-international-a-s-4442109798,Expert Senior Électrification Hors Réseau,,scraped,2026-07-20T19:21:23.106491,
e1fb2b66b1c52f24,https://gn.linkedin.com/jobs/view/un-e-m%C3%A9canicien-ne-engins-lourds-at-rio-tinto-4440766365,Un (e) Mécanicien(ne) Engins Lourds,,scraped,2026-07-20T19:21:30.466375,
c2c237fedc179d51,https://gn.linkedin.com/jobs/view/sp%C3%A9cialiste-en-traduction-chinois-fran%C3%A7ais-mj002052-at-sunda-international-4440572959,Spécialiste en traduction (Chinois - Français) (MJ002052),森大国际,posted,2026-07-20T19:21:54.160831,68
217c9c4253eadd65,https://gn.linkedin.com/jobs/view/national-representative-guinea-at-vanzbon-global-%E4%B8%87%E4%BC%81%E5%B8%AE%E5%9B%BD%E9%99%85%E4%BC%81%E4%B8%9A%E6%9C%8D%E5%8A%A1-4444335009,National Representative (Guinea),Vanzbon Global | 万企帮国际企业服务,posted,2026-07-27T18:56:41.127764,70
6ee64d8f532052da,https://gn.linkedin.com/jobs/view/corporate-english-trainer-at-gofluent-4443816348,Corporate English Trainer,,scraped,2026-07-27T18:56:43.780880,
0e13e84ab4dd94f0,https://gn.linkedin.com/jobs/view/systems-maintenance-and-processes-planner-at-rio-tinto-4443876981,Systems Maintenance and Processes Planner,,scraped,2026-07-27T18:56:51.731643,
08b729e64fd1900c,https://gn.linkedin.com/jobs/view/expediting-purchasing-officer-at-bia-group-4440477136,Expediting & Purchasing Officer,,scraped,2026-07-27T18:56:59.621394,
10f748d07e135251,https://gn.linkedin.com/jobs/view/sp%C3%A9cialiste-des-achats-mj001104-at-sunda-international-4443171074,Spécialiste des Achats (MJ001104),森大国际,posted,2026-07-27T18:57:21.792010,72
f6429318e9d04e4b,https://gn.linkedin.com/jobs/view/comment-%C3%A9laborer-un-plan-de-prospection-efficace-pour-le-secteur-du-retail-at-retail-insiders-4445673823,Comment élaborer un plan de prospection efficace pour le secteur du retail,Retail Insiders,posted,2026-07-27T18:57:31.202486,74
44ef2b018418871e,https://gn.linkedin.com/jobs/view/interpret-driver-4445972761,Interpret Driver,BNT,posted,2026-07-27T18:57:38.525257,76
5a3c07d5252ad498,https://gn.linkedin.com/jobs/view/specialist-transport-convoyeur-mj002097-at-sunda-international-4444971026,Specialist Transport (Convoyeur) (MJ002097),,scraped,2026-07-27T18:57:41.078402,
6082949ef42b1ba4,https://gn.linkedin.com/jobs/view/formateurs-at-dvelge-group-4442759137,FORMATEURS,,scraped,2026-07-27T18:57:48.254673,
c25cd40dca934e1b,https://gn.linkedin.com/jobs/view/magasinier-at-bia-group-4440457953,Magasinier,,scraped,2026-07-27T18:57:54.710750,
88d6c89f54f37010,https://gn.linkedin.com/jobs/view/hme-field-maintenance-specialist-at-rio-tinto-4444333349,HME Field Maintenance Specialist,,scraped,2026-07-27T18:58:01.205956,
f4d95c941a0cdcb2,https://gn.linkedin.com/jobs/view/scule-de-mana-at-techno-pro-srl-4447819927,Scule de mana,,scraped,2026-08-03T19:10:18.737084,
53ba46f8114adaf0,https://gn.linkedin.com/jobs/view/manager-health-and-safety-site-services-at-rio-tinto-4446423885,Manager Health and Safety Site Services,,scraped,2026-08-03T19:10:30.745651,
514c295d11f93bf9,https://gn.linkedin.com/jobs/view/resources-management-officer-p-call-for-expression-of-interest-at-iom-un-migration-4446842975,Resources Management Officer (P) - Call for Expression of Interest,IOM - UN Migration,posted,2026-08-03T19:10:50.151290,78
5bc5b610fc83c660,https://gn.linkedin.com/jobs/view/mitty-hazanavicius-at-vma-4446843616,MITTY HAZANAVICIUS,,scraped,2026-08-03T19:10:52.508225,
eb8cd7ce95c1513a,https://gn.linkedin.com/jobs/view/acheteur-se-industriel-le-usine-%E2%80%93-h-f-at-novalia-sas-4448163298,Acheteur(se) Industriel(le) Usine – H/F,Novalia SAS,posted,2026-08-03T19:11:07.402825,80
4dcc9a4b5d217ae3,https://gn.linkedin.com/jobs/view/manager-expatriate-services-in-country-rewards-and-benefits-at-rio-tinto-4446422245,"Manager Expatriate Services, In country Rewards and Benefits",,scraped,2026-08-03T19:11:10.060713,
552610503da90b25,https://gn.linkedin.com/jobs/view/lola-b%C3%A9e-at-vma-4446837760,LOLA BÉE,VMA,posted,2026-08-03T19:12:00.786196,82
de1e0d1e70eb3b6d,https://gn.linkedin.com/jobs/view/sales-specialist-at-liugong-machinery-4446236219,Sales Specialist,LiuGong Machinery,posted,2026-08-03T19:12:14.442303,84
3f200ff5afd4f7a5,https://gn.linkedin.com/jobs/view/sp%C3%A9cialiste-caisse-cashier-mj002120-at-sunda-international-4446336487,Spécialiste caisse(Cashier) (MJ002120),森大国际,posted,2026-08-03T19:12:30.501909,86
8bb3193c0535e3f7,https://gn.linkedin.com/jobs/view/g%C3%A9om%C3%A8tre-topographe-4448185344,Géomètre Topographe,AGROTERRA GUINEA GROUP SARL,posted,2026-08-03T19:12:38.047103,88
6d0c7e3e303c2628,https://gn.linkedin.com/jobs/view/responsable-du-d%C3%A9douanement-customs-clearance-manager-at-sany-heavy-industry-c%C3%B4te-d-ivoire-4446904147,Responsable du dédouanement (Customs Clearance Manager),SANY Heavy Industry Côte d'Ivoire,posted,2026-08-03T19:12:46.965106,90
a487bd212b3bbac8,https://gn.linkedin.com/jobs/view/un-superviseur-de-convoyeur-at-rio-tinto-4446786544,Un Superviseur de Convoyeur,,scraped,2026-08-03T19:12:49.322646,
2fac09b3c62b52fb,https://gn.linkedin.com/jobs/view/zuecos-hosteleria-con-tira-master-plus-negro-at-d-torres-calzado-ortop%C3%A9dico-s-l-4448120965,"ZUECOS HOSTELERIA CON TIRA, MASTER PLUS NEGRO",,scraped,2026-08-03T19:12:56.254580,
226a5ed083b21a24,https://gn.linkedin.com/jobs/view/cinq-5-chaudronniers-soudeurs-at-rio-tinto-4446422244,Cinq (5) Chaudronniers / Soudeurs,,scraped,2026-08-03T19:13:03.405665,
0c85c0979a577694,https://gn.linkedin.com/jobs/view/sp%C3%A9cialiste-en-documentation-entreposage-et-logistique-wh-l-docs-specialist-mj002121-at-sunda-international-4446344023,Spécialiste en Documentation (Entreposage et logistique) ((Wh&L) Docs Specialist) (MJ002121),森大国际,posted,2026-08-03T19:13:22.713379,92
de689de052b4f241,https://gn.linkedin.com/jobs/view/zuecos-c%C3%B3modos-hosteleria-con-tira-master-plus-azul-at-d-torres-calzado-ortop%C3%A9dico-s-l-4448127349,"ZUECOS CÓMODOS HOSTELERIA CON TIRA, MASTER PLUS AZUL",,scraped,2026-08-03T19:13:25.132057,
e4f7c5b13077c300,https://gn.linkedin.com/jobs/view/zuecos-c%C3%B3modos-sanitarios-con-tira-master-plus-blanco-at-d-torres-calzado-ortop%C3%A9dico-s-l-4448125352,"ZUECOS CÓMODOS SANITARIOS CON TIRA, MASTER PLUS BLANCO",,scraped,2026-08-03T19:13:32.201652,
07580c33c41c22c7,https://gn.linkedin.com/jobs/view/zapato-hosteleria-unisex-medic-cordones-azul-at-d-torres-calzado-ortop%C3%A9dico-s-l-4448134221,"ZAPATO HOSTELERIA UNISEX, MEDIC CORDONES AZUL",,scraped,2026-08-03T19:13:39.200837,
64a79995995a0d8f,https://gn.linkedin.com/jobs/view/ing%C3%A9nieur-%C3%A9lectrique-supervision-centrale-thermique-at-parlym-4443605465,Ingénieur Électrique - Supervision Centrale Thermique,,scraped,2026-08-03T19:13:46.455698,
4a0a8e90cad61cde,https://gn.linkedin.com/jobs/view/theo-at-cmyk-4450916003,Theo,CMYK,posted,2026-08-10T16:30:10.247138,94
89334407cc2a5769,https://gn.linkedin.com/jobs/view/moment%C3%A1ln%C4%9B-nem%C3%A1me-%C5%BE%C3%A1dn%C3%A1-voln%C3%A1-pracovn%C3%AD-m%C3%ADsta-at-dvojka-v-it-4448444478,Momentálně nemáme žádná volná pracovní místa.,Dvojka v IT,posted,2026-08-10T16:30:21.749670,96
9e93d9d9ca15417a,https://gn.linkedin.com/jobs/view/mette-vestergaard-at-planum-4449665363,Mette Vestergaard,,scraped,2026-08-10T16:30:24.250772,
06db0f6b2dba6a4d,https://gn.linkedin.com/jobs/view/vagas-em-breve-at-neoreal-4446285464,Vagas em Breve,,scraped,2026-08-10T16:30:30.537204,
f685298dbe1f59a2,https://gn.linkedin.com/jobs/view/techni%C4%8Dt%C3%AD-pracovn%C3%ADci-a-pracovnice-at-francouzsk%C3%BD-jazyk-pro-hospod%C3%A1%C5%99skou-%C4%8Dinnost-fjh%C4%8D-a-ve%C5%99ejn%C3%A1-ekonomika-a-spr%C3%A1va-ves-4449411321,Techničtí pracovníci a pracovnice,Francouzský jazyk pro hospodářskou činnost (FJHČ) a Veřejná ekonomika a správa (VES),posted,2026-08-10T16:31:52.024863,98
9b13a85ffb16ff03,https://gn.linkedin.com/jobs/view/trois-3-scheduleurs-maintenance-usine-at-rio-tinto-4448562990,Trois (3) Scheduleurs Maintenance Usine,,scraped,2026-08-10T16:31:54.544802,
1c3ccffe9849a781,https://gn.linkedin.com/jobs/view/shopify-masterclass-at-safi-academy-4448923922,Shopify Masterclass,Safi Academy,posted,2026-08-10T16:33:17.152870,100
15b43523ef6487d5,https://gn.linkedin.com/jobs/view/community-manager-at-fodex-solution-4448429961,Community Manager,FODEX Solution,posted,2026-08-10T16:33:28.174667,102
fe263191a841b58c,https://gn.linkedin.com/jobs/view/sp%C3%A9cialiste-des-achats-at-house-mart-4449764318,Spécialiste des achats,House Mart,posted,2026-08-10T16:33:39.111201,104
d2d2bafbbffcec99,https://gn.linkedin.com/jobs/view/d%C3%A9veloppement-et-formation-at-mbc-transports-de-la-r%C3%A9gion-morges-bi%C3%A8re-cossonay-sa-4448739615,Développement et formation,,scraped,2026-08-10T16:33:41.571349,
3353f92363a94399,https://gn.linkedin.com/jobs/view/conducteur-machine-d%C3%A9butant-at-danone-4450663542,Conducteur machine débutant,,scraped,2026-08-10T16:34:52.284372,
9491157ade092f98,https://gn.linkedin.com/jobs/view/analyst-guinea-at-africa-career-desk-4448037596,Analyst - Guinea,,scraped,2026-08-10T16:34:58.768244,
8f13c86a46a0f946,https://gn.linkedin.com/jobs/view/senior-associate-guinea-at-africa-career-desk-4448050534,Senior Associate - Guinea,,scraped,2026-08-10T16:36:08.463077,
de53f304a3b4b2f8,https://gn.linkedin.com/jobs/view/rejoignez-nos-%C3%A9quipes-%21-at-planeo-conseils-4449277096,Rejoignez nos équipes !,,scraped,2026-08-10T16:37:17.896705,
c72645cc7bbb193f,https://gn.linkedin.com/jobs/view/finance-accountant-at-etg-4451184822,Finance Accountant,,scraped,2026-08-10T16:37:25.741423,
6052a846dde6be4a,https://gn.linkedin.com/jobs/view/superviseur-information-it-superviseuse-information-it-at-house-mart-4449756536,Superviseur Information IT/Superviseuse Information IT,House Mart,posted,2026-08-10T16:38:44.433021,106
71c339cf6c8ad517,https://gn.linkedin.com/jobs/view/medicoindustrien-at-radiograf-r%C3%A5det-4450318873,Medicoindustrien,,scraped,2026-08-10T16:38:46.963610,
082152ade8fdf6dc,https://gn.linkedin.com/jobs/view/biodiversity-pa-management-expert-and-project-monitoring-evaluation-%E2%80%93-gnp-nimba-diecke-at-iucn-world-commission-on-environmental-law-4449417237,Biodiversity & PA Management Expert and Project Monitoring & Evaluation – GNP-NIMBA-DIECKE,,scraped,2026-08-10T16:38:54.649559,
ff43e31ac92d0e02,https://gn.linkedin.com/jobs/view/sales-specialist-at-ze-blank-4451317698,Sales Specialist,Ze Blank,posted,2026-08-10T16:40:07.739909,84
e006014efd6d033e,https://gn.linkedin.com/jobs/view/enseignant-4449688117,Enseignant,Hadja Kaningbè Sidibe,posted,2026-08-10T16:40:16.864545,108
0168e6d4d7270b77,https://gn.linkedin.com/jobs/view/concurso-para-cargo-de-solista-en-fagot-at-centro-de-extensi%C3%B3n-art%C3%ADstica-y-cultural-universidad-de-chile-4450580572,Concurso para cargo de Solista en Fagot,,scraped,2026-08-10T16:40:19.499596,
43c11724f856412c,https://gn.linkedin.com/jobs/view/oferta-de-empleo-veterinario-a-para-explotaci%C3%B3n-ganadera-peque%C3%B1a-at-colegio-oficial-de-veterinarios-de-toledo-4449494584,OFERTA DE EMPLEO: Veterinario/a para explotación ganadera pequeña,,scraped,2026-08-10T16:40:25.957957,
e7d7000c6923c0f3,https://gn.linkedin.com/jobs/view/envio-de-propostas-para-a-chamada-fapesp-fwo-at-deri-international-office-4448023846,Envio de propostas para a chamada FAPESP-FWO,,scraped,2026-08-10T16:40:33.665209,
226e28071bfdfe92,https://gn.linkedin.com/jobs/view/executivo-de-vendas-trainee-at-acerterh-4449249097,Executivo de Vendas Trainee,,scraped,2026-08-10T16:40:41.101119,
6d0b4ae5245a2c91,https://gn.linkedin.com/jobs/view/carri%C3%A8re-at-paulussen-advocaten-4450925368,Carrière,Paulussen Advocaten,posted,2026-08-10T16:40:55.868083,110
3af9ab2203002366,https://gn.linkedin.com/jobs/view/inscri%C3%A7%C3%B5es-abertas-para-o-concurso-global-de-ideias-transformadoras-at-deri-international-office-4448010776,INSCRIÇÕES ABERTAS PARA O CONCURSO GLOBAL DE IDEIAS TRANSFORMADORAS,,scraped,2026-08-10T16:40:58.335255,
9d714bbf60bd7f4d,https://gn.linkedin.com/jobs/view/contrato-de-loca%C3%A7%C3%A3o-residencial-para-temporada-at-zapcontratos-4451064382,Contrato de Locação Residencial para Temporada,ZapContratos,posted,2026-08-10T16:41:12.620240,112
2ad162fd41adb75d,https://gn.linkedin.com/jobs/view/technicien-ne-pigiste-at-exmuro-art-public-4449030766,TECHNICIEN.NE PIGISTE,,scraped,2026-08-10T16:41:14.965712,
e9161106fbedccd9,https://gn.linkedin.com/jobs/view/devenir-b%C3%A9n%C3%A9vole-at-exmuro-art-public-4449038524,DEVENIR BÉNÉVOLE,,scraped,2026-08-10T16:41:21.354914,
9c5ef6825e765f0c,https://gn.linkedin.com/jobs/view/sele%C3%A7%C3%A3o-de-bolsista-para-projeto-institucional-fiex-at-col%C3%A9gio-polit%C3%A9cnico-da-ufsm-4451083801,Seleção de Bolsista para Projeto Institucional FIEX,,scraped,2026-08-10T16:41:27.385301,
0293e4b83223c6c6,https://gn.linkedin.com/jobs/view/stock-management-managers-10-positions-%E2%80%93-m-f-at-gi-expertise-4450570634,Stock Management Managers (10 Positions) – M/F,,scraped,2026-08-10T16:41:35.808054,
d3c8f19d13730622,https://gn.linkedin.com/jobs/view/territory-manager-at-vivo-energy-4440885929,Territory Manager,,scraped,2026-08-10T16:41:43.646975,
363e99ad851cbcb1,https://gn.linkedin.com/jobs/view/un-e-analyste-d-affaires-projets-at-rio-tinto-4451409224,Un (e) Analyste d'Affaires Projets,,scraped,2026-08-10T16:42:54.345556,
802794a090ac1695,https://gn.linkedin.com/jobs/view/financial-industry-account-manager-01-at-gi-expertise-4450567754,Financial industry account manager (01),,scraped,2026-08-10T16:43:01.557575,
52472781046acf1f,https://gn.linkedin.com/jobs/view/un-e-superviseur-e-arr%C3%AAts-de-maintenance-usine-at-rio-tinto-4448588023,Un(e) Superviseur(e) Arrêts de maintenance usine,,scraped,2026-08-10T16:44:11.763217,
0ac82fe9fecf870a,https://gn.linkedin.com/jobs/view/un-e-conseiller-%C3%A8re-senior-hse-at-rio-tinto-4448989309,Un(e) Conseiller(ère) Senior HSE,,scraped,2026-08-10T16:45:23.134058,
5c8dcbf882765b02,https://gn.linkedin.com/jobs/view/deux-2-ingenieurs-des-mines-at-rio-tinto-4451406233,Deux (2) Ingenieurs des Mines,,scraped,2026-08-10T16:45:30.558849,
4355df675af91415,https://gn.linkedin.com/jobs/view/multiples-superviseur-de-la-production-miniere-at-rio-tinto-4450906563,Multiples Superviseur de la Production Miniere,,scraped,2026-08-10T16:46:41.458641,
8785d050ebeae3ad,https://gn.linkedin.com/jobs/view/bilingual-sales-representative-french-english-at-gi-expertise-4450575532,Bilingual Sales Representative (French/English),,scraped,2026-08-10T16:46:49.155937,
38d581a7d6aeeae6,https://gn.linkedin.com/jobs/view/accommodation-manager-at-thinksport-4448796626,Accommodation Manager,,scraped,2026-08-10T16:46:55.557518,
b8580351a4a63e96,https://gn.linkedin.com/jobs/view/specialist-bew-production-at-rio-tinto-4453587376,Specialist BEW Production,,scraped,2026-08-17T14:03:51.071967,
e859b11884c5b280,https://gn.linkedin.com/jobs/view/team-leader-at-k-a-power-4452262278,Team Leader,K&A Power,posted,2026-08-17T14:04:07.775811,114
6d76870b0df3afda,https://gn.linkedin.com/jobs/view/officier-contr%C3%B4leur-de-document-at-rio-tinto-4452357946,Officier Contrôleur de Document,,scraped,2026-08-17T14:04:10.344618,
f6a4abcf0c814a66,https://gn.linkedin.com/jobs/view/cashier-at-vivo-energy-4454357908,Cashier,,scraped,2026-08-17T14:04:18.315903,
9b0a61ffe5ca4282,https://gn.linkedin.com/jobs/view/officer-administrative-at-childfund-international-4452922946,"Officer, Administrative",ChildFund International,posted,2026-08-17T14:04:32.110341,116
e9ad377280ffad50,https://gn.linkedin.com/jobs/view/%E5%B8%82%E5%9C%BA%E8%90%A5%E9%94%80%E7%BB%8F%E7%90%86-at-weichai-power-co-ltd-4453533424,市场营销经理,"Weichai Power Co., Ltd",failed|wp_post_failed,2026-08-17T14:04:40.864069,
66fcccacdfe24fb9,https://gn.linkedin.com/jobs/view/lead-%E2%80%93-control-room-at-amiwa-technologies-sarl-4454567830,LEAD – CONTROL ROOM,AMIWA TECHNOLOGIES .SARL,posted,2026-08-17T14:04:52.771528,118
2f3a744a3fb825a5,https://gn.linkedin.com/jobs/view/chauffeur-livreur-4455158755,Chauffeur livreur,Wora business service,posted,2026-08-17T14:05:02.391188,120
f6003a3b91abd239,https://gn.linkedin.com/jobs/view/product-support-coordinator-at-iota-group-4453073509,Product Support Coordinator,,scraped,2026-08-17T14:05:04.971531,
3831793fcbc4b53d,https://gn.linkedin.com/jobs/view/freelance-at-firstsource-4453200673,Freelance,,scraped,2026-08-17T14:05:12.176723,
f2a11b3944fa0545,https://gn.linkedin.com/jobs/view/analyst-financial-services-strategy-payments-at-genesis-analytics-4453691227,ANALYST - FINANCIAL SERVICES STRATEGY (Payments),,scraped,2026-08-17T14:05:18.788188,
c6317bacb9ec269f,https://gn.linkedin.com/jobs/view/un-e-specialiste-de-la-gestion-du-changement-at-rio-tinto-4451471079,Un (e) Specialiste de la Gestion du Changement,,scraped,2026-08-17T14:05:27.381086,
ced5707d103137c0,https://gn.linkedin.com/jobs/view/superintendent-water-management-at-rio-tinto-4451628001,Superintendent Water Management,,scraped,2026-08-17T14:05:34.534133,
bb647619244ad128,https://gn.linkedin.com/jobs/view/principal-advisor-mem-at-rio-tinto-4444327409,Principal Advisor MEM,,scraped,2026-08-17T14:05:42.012498,
1b8de856219c4b8a,https://gn.linkedin.com/jobs/view/field-based-account-manager-power-industry-at-vivo-energy-4428654168,Field Based Account Manager Power & Industry,,scraped,2026-08-17T14:05:49.266226,
f28162edf6be3f1d,https://gn.linkedin.com/jobs/view/regulatory-legal-expert-at-k-a-power-4452254670,Regulatory/ Legal Expert,K&A Power,posted,2026-08-17T14:06:01.879227,122
a3c159a176531df1,https://gn.linkedin.com/jobs/view/stock-accountant-assistant-at-vivo-energy-4454389426,Stock Accountant Assistant,,scraped,2026-08-17T14:06:06.586226,
